{
	"credit": "Made with Blockbench",
	"textures": {
		"0": "item/candy1",
		"1": "item/candy2",
		"particle": "item/candy1"
	},
	"elements": [
		{
			"from": [0, 0, 0],
			"to": [1, 15, 1],
			"faces": {
				"north": {"uv": [0, 0, 1, 15], "texture": "#0"},
				"east": {"uv": [0, 0, 1, 15], "texture": "#0"},
				"south": {"uv": [0, 0, 1, 15], "texture": "#0"},
				"west": {"uv": [0, 0, 1, 15], "texture": "#0"},
				"up": {"uv": [0, 0, 1, 1], "texture": "#0"},
				"down": {"uv": [0, 0, 1, 1], "texture": "#0"}
			}
		},
		{
			"from": [-3, 15, -3],
			"to": [4, 22, 4],
			"rotation": {"angle": 0, "axis": "y", "origin": [5, 23, 5]},
			"faces": {
				"north": {"uv": [0, 0, 7, 7], "texture": "#1"},
				"east": {"uv": [0, 0, 7, 7], "texture": "#1"},
				"south": {"uv": [0, 0, 7, 7], "texture": "#1"},
				"west": {"uv": [0, 0, 7, 7], "texture": "#1"},
				"up": {"uv": [0, 0, 7, 7], "texture": "#1"},
				"down": {"uv": [0, 0, 7, 7], "texture": "#1"}
			}
		},
		{
			"from": [-3, 20, -1],
			"to": [4, 27, 6],
			"rotation": {"angle": -45, "axis": "x", "origin": [5, 19, 7]},
			"faces": {
				"north": {"uv": [0, 0, 7, 7], "rotation": 180, "texture": "#1"},
				"east": {"uv": [0, 0, 7, 7], "rotation": 270, "texture": "#1"},
				"south": {"uv": [0, 0, 7, 7], "texture": "#1"},
				"west": {"uv": [0, 0, 7, 7], "rotation": 90, "texture": "#1"},
				"up": {"uv": [0, 0, 7, 7], "rotation": 180, "texture": "#1"},
				"down": {"uv": [0, 0, 7, 7], "texture": "#1"}
			}
		},
		{
			"from": [-1, 20, -3],
			"to": [6, 27, 4],
			"rotation": {"angle": 45, "axis": "z", "origin": [7, 19, -4]},
			"faces": {
				"north": {"uv": [0, 0, 7, 7], "rotation": 180, "texture": "#1"},
				"east": {"uv": [0, 0, 7, 7], "rotation": 180, "texture": "#1"},
				"south": {"uv": [0, 0, 7, 7], "rotation": 180, "texture": "#1"},
				"west": {"uv": [0, 0, 7, 7], "rotation": 180, "texture": "#1"},
				"up": {"uv": [0, 0, 7, 7], "texture": "#1"},
				"down": {"uv": [0, 0, 7, 7], "texture": "#1"}
			}
		},
		{
			"from": [-5, 15, -4],
			"to": [2, 22, 3],
			"rotation": {"angle": 22.5, "axis": "y", "origin": [3, 23, -5]},
			"faces": {
				"north": {"uv": [0, 0, 7, 7], "texture": "#1"},
				"east": {"uv": [0, 0, 7, 7], "texture": "#1"},
				"south": {"uv": [0, 0, 7, 7], "texture": "#1"},
				"west": {"uv": [0, 0, 7, 7], "texture": "#1"},
				"up": {"uv": [0, 0, 7, 7], "rotation": 270, "texture": "#1"},
				"down": {"uv": [0, 0, 7, 7], "rotation": 90, "texture": "#1"}
			}
		},
		{
			"from": [-1, 15, -7],
			"to": [6, 22, 0],
			"rotation": {"angle": 45, "axis": "y", "origin": [7, 23, 1]},
			"faces": {
				"north": {"uv": [0, 0, 7, 7], "texture": "#1"},
				"east": {"uv": [0, 0, 7, 7], "texture": "#1"},
				"south": {"uv": [0, 0, 7, 7], "texture": "#1"},
				"west": {"uv": [0, 0, 7, 7], "texture": "#1"},
				"up": {"uv": [0, 0, 7, 7], "texture": "#1"},
				"down": {"uv": [0, 0, 7, 7], "texture": "#1"}
			}
		}
	],
	"display": {
		"thirdperson_righthand": {
			"translation": [7.5, 2.5, 8.5]
		},
		"thirdperson_lefthand": {
			"translation": [-7.5, 2.5, 9]
		},
		"firstperson_righthand": {
			"translation": [12, -2.75, 0]
		},
		"gui": {
			"rotation": [16.5, 20, 0],
			"translation": [6.5, -3.5, 0],
			"scale": [0.65, 0.65, 0.65]
		},
		"fixed": {
			"translation": [7.25, -3.75, 0]
		}
	}
}