{
	"parent": "item/handheld",
	"textures": {
		"layer0": "item/diamond_hoe"
	},
	"overrides": [
		{ "predicate": { "custom_model_data": 1 }, "model": "item/arm" },
		{ "predicate": { "custom_model_data": 2 }, "model": "item/lightning" },
		{ "predicate": { "custom_model_data": 3 }, "model": "item/burp_blast" },
		{ "predicate": { "custom_model_data": 4 }, "model": "item/scream" },
		{ "predicate": { "custom_model_data": 5 }, "model": "item/gui" },
		{ "predicate": { "custom_model_data": 6 }, "model": "item/dumbell" },
		{ "predicate": { "custom_model_data": 7 }, "model": "item/bucket" },
		{ "predicate": { "custom_model_data": 8 }, "model": "item/diaper" },

		{ "predicate": { "custom_model_data": 9 }, "model": "item/challenge_1" },
		{ "predicate": { "custom_model_data": 10 }, "model": "item/challenge_2" },
		{ "predicate": { "custom_model_data": 11 }, "model": "item/challenge_3" },
		{ "predicate": { "custom_model_data": 12 }, "model": "item/challenge_4" },
		{ "predicate": { "custom_model_data": 13 }, "model": "item/challenge_5" },

		{ "predicate": { "custom_model_data": 14 }, "model": "item/fridge" },

		{ "predicate": { "custom_model_data": 15 }, "model": "item/challenge_6" }
	]
}