{
	"credit": "Made with Blockbench",
	"textures": {
		"0": "item/board",
		"6": "item/fridge",
		"particle": "item/board"
	},
	"elements": [
		{
			"from": [-3, 0, 6.2],
			"to": [0, 6, 9.2],
			"faces": {
				"north": {"uv": [0, 0, 3, 6], "texture": "#0"},
				"east": {"uv": [0, 0, 3, 6], "texture": "#0"},
				"south": {"uv": [0, 0, 3, 6], "texture": "#0"},
				"west": {"uv": [0, 0, 3, 6], "texture": "#0"},
				"up": {"uv": [0, 0, 3, 3], "texture": "#0"},
				"down": {"uv": [0, 0, 3, 3], "texture": "#0"}
			}
		},
		{
			"from": [16, 0, 6.175],
			"to": [19, 6, 9.175],
			"faces": {
				"north": {"uv": [0, 0, 3, 6], "texture": "#0"},
				"east": {"uv": [0, 0, 3, 6], "texture": "#0"},
				"south": {"uv": [0, 0, 3, 6], "texture": "#0"},
				"west": {"uv": [0, 0, 3, 6], "texture": "#0"},
				"up": {"uv": [0, 0, 3, 3], "texture": "#0"},
				"down": {"uv": [0, 0, 3, 3], "texture": "#0"}
			}
		},
		{
			"from": [-5, 7.5, 6],
			"to": [21, 17.5, 9],
			"faces": {
				"north": {"uv": [0, 8, 8, 16], "texture": "#0"},
				"east": {"uv": [0, 8, 3, 16], "texture": "#0"},
				"south": {"uv": [0, 8, 8, 16], "texture": "#0"},
				"west": {"uv": [0, 8, 3, 16], "texture": "#0"},
				"up": {"uv": [0, 13, 8, 16], "texture": "#0"},
				"down": {"uv": [0, 13, 8, 16], "texture": "#0"}
			}
		},
		{
			"from": [-6.5, 6, 5.75],
			"to": [22.5, 7.5, 9.5],
			"faces": {
				"north": {"uv": [8, 1, 16, 2.5], "texture": "#0"},
				"east": {"uv": [11, 1, 15, 2.5], "texture": "#0"},
				"south": {"uv": [8, 1, 16, 2.5], "texture": "#0"},
				"west": {"uv": [9.5, 1, 13.5, 2.5], "texture": "#0"},
				"up": {"uv": [8, 0, 16, 2], "texture": "#0"},
				"down": {"uv": [8, 0, 16, 2.5], "texture": "#0"}
			}
		},
		{
			"from": [-5, 7.5, 9.25],
			"to": [21, 17.5, 9.5],
			"faces": {
				"north": {"uv": [0, 0, 16, 10], "texture": "#0"},
				"east": {"uv": [0, 0, 0.25, 10], "texture": "#0"},
				"south": {"uv": [8, 0, 16, 8], "texture": "#0"},
				"west": {"uv": [0, 0, 0.25, 10], "texture": "#0"},
				"up": {"uv": [0, 0, 16, 0.25], "texture": "#0"},
				"down": {"uv": [0, 0, 16, 0.25], "texture": "#0"}
			}
		},
		{
			"from": [-6.5, 7.5, 5.75],
			"to": [-5, 17.5, 9.5],
			"faces": {
				"north": {"uv": [8.5, 0, 10, 8], "texture": "#0"},
				"east": {"uv": [0, 0, 3.75, 10], "texture": "#0"},
				"south": {"uv": [13, 0, 14, 8], "texture": "#0"},
				"west": {"uv": [8.5, 0, 12.5, 8], "texture": "#0"},
				"up": {"uv": [0, 0, 1.5, 3.75], "texture": "#0"},
				"down": {"uv": [0, 0, 1.5, 3.75], "texture": "#0"}
			}
		},
		{
			"from": [21, 7.5, 5.75],
			"to": [22.5, 17.5, 9.5],
			"faces": {
				"north": {"uv": [8.5, 0, 10, 8], "texture": "#0"},
				"east": {"uv": [8.5, 0, 12.5, 8], "texture": "#0"},
				"south": {"uv": [13, 0, 14, 8], "texture": "#0"},
				"west": {"uv": [0, 0, 3.75, 10], "texture": "#0"},
				"up": {"uv": [0, 0, 1.5, 3.75], "texture": "#0"},
				"down": {"uv": [0, 0, 1.5, 3.75], "texture": "#0"}
			}
		},
		{
			"from": [-6.5, 17.5, 5.75],
			"to": [22.5, 19, 9.5],
			"faces": {
				"north": {"uv": [8, 1, 16, 2.5], "texture": "#0"},
				"east": {"uv": [11, 1, 15, 2.5], "texture": "#0"},
				"south": {"uv": [8, 1, 16, 2.5], "texture": "#0"},
				"west": {"uv": [9.5, 1, 13.5, 2.5], "texture": "#0"},
				"up": {"uv": [8, 0, 16, 2.5], "texture": "#0"},
				"down": {"uv": [8, 0, 16, 3], "texture": "#0"}
			}
		},
		{
			"from": [-5, 7.55, 5.725],
			"to": [21, 17.35, 5.925],
			"faces": {
				"north": {"uv": [0, 0, 16, 16], "texture": "#6"},
				"east": {"uv": [0, 0, 0.2, 9.8], "texture": "#6"},
				"south": {"uv": [0, 0, 16, 9.8], "texture": "#6"},
				"west": {"uv": [0, 0, 0.2, 9.8], "texture": "#6"},
				"up": {"uv": [0, 0, 16, 0.2], "texture": "#6"},
				"down": {"uv": [0, 0, 16, 0.2], "texture": "#6"}
			}
		}
	],
	"display": {
		"head": {
			"translation": [0, -29.25, 0],
			"scale": [2, 2, 2]
		}
	}
}