{
	"credit": "Made with Blockbench",
	"textures": {
		"0": "item/drink",
		"particle": "item/drink"
	},
	"elements": [
		{
			"from": [7, 5, 6],
			"to": [10, 6, 7],
			"rotation": {"angle": 0, "axis": "y", "origin": [9, 5, 8]},
			"faces": {
				"north": {"uv": [11, 4, 14, 5], "texture": "#0"},
				"east": {"uv": [11, 2, 12, 3], "texture": "#0"},
				"south": {"uv": [9, 4, 12, 5], "texture": "#0"},
				"west": {"uv": [11, 5, 12, 6], "texture": "#0"},
				"up": {"uv": [10, 4, 13, 5], "texture": "#0"},
				"down": {"uv": [11, 4, 14, 5], "texture": "#0"}
			}
		},
		{
			"from": [6, 4, 6],
			"to": [9, 5, 7],
			"rotation": {"angle": 0, "axis": "y", "origin": [8, 4, 8]},
			"faces": {
				"north": {"uv": [11, 3, 14, 4], "texture": "#0"},
				"east": {"uv": [12, 4, 13, 5], "texture": "#0"},
				"south": {"uv": [10, 2, 13, 3], "texture": "#0"},
				"west": {"uv": [12, 4, 13, 5], "texture": "#0"},
				"up": {"uv": [12, 3, 15, 4], "texture": "#0"},
				"down": {"uv": [11, 4, 14, 5], "texture": "#0"}
			}
		},
		{
			"from": [6, 3, 7],
			"to": [8, 4, 8],
			"rotation": {"angle": 0, "axis": "y", "origin": [8, 3, 9]},
			"faces": {
				"north": {"uv": [9, 3, 11, 4], "texture": "#0"},
				"east": {"uv": [12, 5, 13, 6], "texture": "#0"},
				"south": {"uv": [9, 3, 11, 4], "texture": "#0"},
				"west": {"uv": [12, 3, 13, 4], "texture": "#0"},
				"up": {"uv": [10, 3, 12, 4], "texture": "#0"},
				"down": {"uv": [11, 4, 13, 5], "texture": "#0"}
			}
		},
		{
			"from": [7, 3, 9],
			"to": [8, 4, 10],
			"rotation": {"angle": 0, "axis": "y", "origin": [8, 3, 11]},
			"faces": {
				"north": {"uv": [11, 4, 12, 5], "texture": "#0"},
				"east": {"uv": [13, 3, 14, 4], "texture": "#0"},
				"south": {"uv": [10, 4, 11, 5], "texture": "#0"},
				"west": {"uv": [10, 5, 11, 6], "texture": "#0"},
				"up": {"uv": [11, 5, 12, 6], "texture": "#0"},
				"down": {"uv": [8, 3, 9, 4], "texture": "#0"}
			}
		},
		{
			"from": [9, 5, 9],
			"to": [10, 6, 10],
			"rotation": {"angle": 0, "axis": "y", "origin": [9, 5, 11]},
			"faces": {
				"north": {"uv": [12, 4, 13, 5], "texture": "#0"},
				"east": {"uv": [11, 3, 12, 4], "texture": "#0"},
				"south": {"uv": [10, 4, 11, 5], "texture": "#0"},
				"west": {"uv": [12, 3, 13, 4], "texture": "#0"},
				"up": {"uv": [11, 4, 12, 5], "texture": "#0"},
				"down": {"uv": [10, 5, 11, 6], "texture": "#0"}
			}
		},
		{
			"from": [8, 3, 6],
			"to": [9, 4, 7],
			"rotation": {"angle": 0, "axis": "y", "origin": [8, 3, 8]},
			"faces": {
				"north": {"uv": [12, 5, 13, 6], "texture": "#0"},
				"east": {"uv": [12, 4, 13, 5], "texture": "#0"},
				"south": {"uv": [11, 6, 12, 7], "texture": "#0"},
				"west": {"uv": [11, 2, 12, 3], "texture": "#0"},
				"up": {"uv": [11, 3, 12, 4], "texture": "#0"},
				"down": {"uv": [12, 4, 13, 5], "texture": "#0"}
			}
		},
		{
			"from": [9, 3, 7],
			"to": [10, 4, 8],
			"rotation": {"angle": 0, "axis": "y", "origin": [9, 3, 9]},
			"faces": {
				"north": {"uv": [9, 4, 10, 5], "texture": "#0"},
				"east": {"uv": [11, 4, 12, 5], "texture": "#0"},
				"south": {"uv": [9, 4, 10, 5], "texture": "#0"},
				"west": {"uv": [9, 4, 10, 5], "texture": "#0"},
				"up": {"uv": [15, 5, 16, 6], "texture": "#0"},
				"down": {"uv": [14, 0, 15, 1], "texture": "#0"}
			}
		},
		{
			"from": [8, 3, 8],
			"to": [9, 4, 9],
			"rotation": {"angle": 0, "axis": "y", "origin": [8, 3, 10]},
			"faces": {
				"north": {"uv": [11, 3, 12, 4], "texture": "#0"},
				"east": {"uv": [11, 5, 12, 6], "texture": "#0"},
				"south": {"uv": [12, 5, 13, 6], "texture": "#0"},
				"west": {"uv": [10, 2, 11, 3], "texture": "#0"},
				"up": {"uv": [12, 3, 13, 4], "texture": "#0"},
				"down": {"uv": [13, 3, 14, 4], "texture": "#0"}
			}
		},
		{
			"from": [6, 3, 8],
			"to": [7, 4, 9],
			"rotation": {"angle": 0, "axis": "y", "origin": [6, 3, 10]},
			"faces": {
				"north": {"uv": [12, 3, 13, 4], "texture": "#0"},
				"east": {"uv": [13, 6, 14, 7], "texture": "#0"},
				"south": {"uv": [10, 4, 11, 5], "texture": "#0"},
				"west": {"uv": [14, 12, 15, 13], "texture": "#0"},
				"up": {"uv": [14, 2, 15, 3], "texture": "#0"},
				"down": {"uv": [9, 3, 10, 4], "texture": "#0"}
			}
		},
		{
			"from": [9, 4, 6],
			"to": [10, 5, 10],
			"rotation": {"angle": 0, "axis": "y", "origin": [9, 4, 9]},
			"faces": {
				"north": {"uv": [10, 3, 11, 4], "texture": "#0"},
				"east": {"uv": [12, 12, 16, 13], "texture": "#0"},
				"south": {"uv": [13, 3, 14, 4], "texture": "#0"},
				"west": {"uv": [10, 5, 14, 6], "texture": "#0"},
				"up": {"uv": [11, 1, 12, 5], "texture": "#0"},
				"down": {"uv": [14, 2, 15, 6], "texture": "#0"}
			}
		},
		{
			"from": [8, 4, 8],
			"to": [9, 5, 10],
			"rotation": {"angle": 0, "axis": "y", "origin": [8, 4, 9]},
			"faces": {
				"north": {"uv": [9, 3, 10, 4], "texture": "#0"},
				"east": {"uv": [9, 4, 11, 5], "texture": "#0"},
				"south": {"uv": [11, 3, 12, 4], "texture": "#0"},
				"west": {"uv": [12, 3, 14, 4], "texture": "#0"},
				"up": {"uv": [13, 3, 14, 5], "texture": "#0"},
				"down": {"uv": [11, 3, 12, 5], "texture": "#0"}
			}
		},
		{
			"from": [6, 4, 8],
			"to": [7, 5, 10],
			"rotation": {"angle": 0, "axis": "y", "origin": [6, 4, 9]},
			"faces": {
				"north": {"uv": [11, 3, 12, 4], "texture": "#0"},
				"east": {"uv": [11, 4, 13, 5], "texture": "#0"},
				"south": {"uv": [10, 4, 11, 5], "texture": "#0"},
				"west": {"uv": [9, 5, 11, 6], "texture": "#0"},
				"up": {"uv": [12, 3, 13, 5], "texture": "#0"},
				"down": {"uv": [11, 3, 12, 5], "texture": "#0"}
			}
		},
		{
			"from": [6, 2, 6],
			"to": [10, 3, 10],
			"rotation": {"angle": 0, "axis": "y", "origin": [9, 2, 8]},
			"faces": {
				"north": {"uv": [11, 2, 15, 3], "texture": "#0"},
				"east": {"uv": [10, 3, 14, 4], "texture": "#0"},
				"south": {"uv": [8, 1, 12, 2], "texture": "#0"},
				"west": {"uv": [9, 3, 13, 4], "texture": "#0"},
				"up": {"uv": [10, 1, 11, 6], "texture": "#0"},
				"down": {"uv": [10, 1, 14, 5], "texture": "#0"}
			}
		},
		{
			"from": [6, 0, 6],
			"to": [10, 1, 10],
			"rotation": {"angle": 0, "axis": "y", "origin": [9, 0, 8]},
			"faces": {
				"north": {"uv": [0, 0, 4, 1], "texture": "#0"},
				"east": {"uv": [0, 0, 4, 1], "texture": "#0"},
				"south": {"uv": [0, 0, 4, 1], "texture": "#0"},
				"west": {"uv": [0, 0, 4, 1], "texture": "#0"},
				"up": {"uv": [0, 0, 4, 4], "texture": "#0"},
				"down": {"uv": [2, 4, 6, 8], "texture": "#0"}
			}
		},
		{
			"from": [6, 1, 5],
			"to": [10, 7, 6],
			"rotation": {"angle": 0, "axis": "y", "origin": [6, 1, 5]},
			"faces": {
				"north": {"uv": [0, 0, 2, 3], "texture": "#0"},
				"east": {"uv": [0, 0, 1, 6], "texture": "#0"},
				"south": {"uv": [0, 0, 2, 3], "texture": "#0"},
				"west": {"uv": [0, 0, 1, 6], "texture": "#0"},
				"up": {"uv": [0, 0, 4, 1], "texture": "#0"},
				"down": {"uv": [0, 0, 4, 1], "texture": "#0"}
			}
		},
		{
			"from": [6, 1, 10],
			"to": [10, 7, 11],
			"rotation": {"angle": 0, "axis": "y", "origin": [6, 1, 10]},
			"faces": {
				"north": {"uv": [0, 0, 4, 6], "texture": "#0"},
				"east": {"uv": [0, 0, 1, 6], "texture": "#0"},
				"south": {"uv": [4, 2, 8, 8], "texture": "#0"},
				"west": {"uv": [0, 0, 1, 6], "texture": "#0"},
				"up": {"uv": [0, 0, 4, 1], "texture": "#0"},
				"down": {"uv": [0, 0, 4, 1], "texture": "#0"}
			}
		},
		{
			"from": [5, 1, 6],
			"to": [6, 7, 10],
			"rotation": {"angle": 0, "axis": "y", "origin": [5, 1, 10]},
			"faces": {
				"north": {"uv": [0, 0, 1, 6], "texture": "#0"},
				"east": {"uv": [0, 0, 4, 6], "texture": "#0"},
				"south": {"uv": [0, 0, 1, 6], "texture": "#0"},
				"west": {"uv": [0, 0, 3, 6], "texture": "#0"},
				"up": {"uv": [0, 0, 4, 1], "rotation": 270, "texture": "#0"},
				"down": {"uv": [0, 0, 4, 1], "rotation": 90, "texture": "#0"}
			}
		},
		{
			"from": [10, 1, 6],
			"to": [11, 7, 10],
			"rotation": {"angle": 0, "axis": "y", "origin": [10, 1, 10]},
			"faces": {
				"north": {"uv": [0, 0, 1, 6], "texture": "#0"},
				"east": {"uv": [3, 0, 7, 6], "texture": "#0"},
				"south": {"uv": [0, 0, 1, 6], "texture": "#0"},
				"west": {"uv": [0, 0, 4, 6], "texture": "#0"},
				"up": {"uv": [0, 0, 4, 1], "rotation": 270, "texture": "#0"},
				"down": {"uv": [0, 0, 4, 1], "rotation": 90, "texture": "#0"}
			}
		},
		{
			"from": [4, 2, 8],
			"to": [5, 3, 9],
			"rotation": {"angle": 0, "axis": "y", "origin": [4, 2, 8]},
			"faces": {
				"north": {"uv": [0, 0, 1, 1], "texture": "#0"},
				"east": {"uv": [0, 0, 1, 1], "texture": "#0"},
				"south": {"uv": [0, 0, 1, 1], "texture": "#0"},
				"west": {"uv": [0, 0, 1, 1], "texture": "#0"},
				"up": {"uv": [0, 0, 1, 1], "texture": "#0"},
				"down": {"uv": [3, 5, 4, 6], "texture": "#0"}
			}
		},
		{
			"from": [4, 5, 8],
			"to": [5, 6, 9],
			"rotation": {"angle": 0, "axis": "y", "origin": [4, 5, 8]},
			"faces": {
				"north": {"uv": [6, 4, 7, 5], "texture": "#0"},
				"east": {"uv": [0, 0, 1, 1], "texture": "#0"},
				"south": {"uv": [0, 0, 1, 1], "texture": "#0"},
				"west": {"uv": [0, 0, 1, 1], "texture": "#0"},
				"up": {"uv": [0, 0, 1, 1], "texture": "#0"},
				"down": {"uv": [0, 0, 1, 1], "texture": "#0"}
			}
		},
		{
			"from": [3, 3, 8],
			"to": [4, 5, 9],
			"rotation": {"angle": 0, "axis": "y", "origin": [3, 3, 8]},
			"faces": {
				"north": {"uv": [2, 1, 3, 3], "texture": "#0"},
				"east": {"uv": [0, 0, 1, 2], "texture": "#0"},
				"south": {"uv": [0, 0, 1, 2], "texture": "#0"},
				"west": {"uv": [0, 0, 1, 2], "texture": "#0"},
				"up": {"uv": [0, 0, 1, 1], "texture": "#0"},
				"down": {"uv": [0, 0, 1, 1], "texture": "#0"}
			}
		}
	],
	"display": {
		"thirdperson_righthand": {
			"rotation": [90.75, 90, -36],
			"translation": [-0.5, 5.25, 1.5]
		},
		"firstperson_righthand": {
			"rotation": [0, 106, 0],
			"translation": [0, 6.25, 0]
		},
		"gui": {
			"rotation": [35.75, 23, 0],
			"translation": [0.75, 5, 0],
			"scale": [1.5, 1.5, 1.5]
		}
	}
}